Month,Inflation,Wage,Unemployment,Consumption,Investment,InterestRate
1965/01,1.558,3.200,4.9,6.972,12.3,3.90
1965/02,1.558,3.600,5.1,7.811,13.2,3.98
1965/03,1.242,4.000,4.7,7.828,18.7,4.04
1965/04,1.553,3.586,4.8,8.478,9.8,4.09
1965/05,1.553,3.968,4.6,7.139,10.2,4.10
1965/06,1.238,3.557,4.6,5.802,7.4,4.04
1965/07,1.238,3.953,4.4,6.282,6.6,4.09
1965/08,1.553,3.953,4.4,6.383,6.0,4.12
1965/09,1.548,3.516,4.3,8.485,13.6,4.01
1965/10,1.543,4.706,4.2,9.257,12.0,4.08
1965/11,1.231,3.891,4.1,10.266,11.9,4.10
1965/12,1.538,3.891,4.0,9.654,12.9,4.32
1966/01,0.920,4.264,4.0,9.600,16.5,4.42
1966/02,1.227,4.247,3.8,9.005,16.1,4.60
1966/03,1.534,3.846,3.8,9.634,14.3,4.65
1966/04,1.835,4.231,3.8,9.141,14.3,4.67
1966/05,2.141,3.817,3.9,8.124,2.7,4.90
1966/06,2.446,3.817,3.8,9.270,5.9,5.17
1966/07,2.752,4.183,3.8,8.967,6.3,5.30
1966/08,3.058,3.802,3.8,8.719,3.3,5.53
1966/09,3.049,4.151,3.7,8.241,5.2,5.40
1966/10,3.343,4.120,3.7,6.513,1.6,5.53
1966/11,3.647,4.120,3.6,6.744,-3.2,5.76
1966/12,3.333,4.120,3.8,6.554,-1.2,5.40
1967/01,3.647,3.717,3.9,6.247,-3.8,4.94
1967/02,3.636,4.074,3.8,4.842,-4.9,5.00
1967/03,3.625,3.704,3.8,4.394,-4.7,4.53
1967/04,3.303,3.690,3.8,5.130,-3.6,4.05
1967/05,3.293,4.044,3.8,6.163,-2.4,3.94
1967/06,3.284,4.779,3.9,6.573,1.8,3.98
1967/07,3.274,4.380,3.8,5.445,3.7,3.79
1967/08,3.264,4.762,3.8,5.519,5.4,3.90
1967/09,3.550,4.710,3.8,5.389,12.0,3.99
1967/10,3.529,4.317,4.0,4.888,5.8,3.88
1967/11,3.519,4.676,3.9,5.584,7.0,4.13
1967/12,3.812,4.676,3.8,6.740,9.4,4.51
1968/01,4.106,5.376,3.7,7.395,10.1,4.60
1968/02,4.094,4.982,3.8,8.203,6.6,4.71
1968/03,4.373,5.714,3.7,9.726,5.7,5.05
1968/04,4.360,6.050,3.5,8.464,14.5,5.76
1968/05,4.348,6.007,3.5,9.423,6.2,6.11
1968/06,4.624,5.614,3.7,9.714,4.3,6.07
1968/07,4.899,5.944,3.7,11.115,4.5,6.02
1968/08,4.885,5.944,3.5,11.185,3.8,6.03
1968/09,4.857,6.228,3.4,10.169,5.4,5.78
1968/10,4.830,6.207,3.4,11.581,8.5,5.91
1968/11,5.099,6.529,3.4,11.446,11.3,5.82
1968/12,5.085,6.529,3.4,9.776,6.7,6.02
1969/01,5.070,6.122,3.4,9.915,4.4,6.30
1969/02,5.337,6.441,3.4,10.352,7.9,6.61
1969/03,5.587,6.419,3.4,8.222,9.3,6.79
1969/04,6.128,6.376,3.4,9.199,4.4,7.41
1969/05,6.111,6.333,3.4,9.211,7.6,8.67
1969/06,5.801,6.312,3.5,8.064,2.7,8.90
1969/07,5.769,6.271,3.5,7.042,-0.2,8.61
1969/08,5.753,6.601,3.5,7.611,1.5,9.19
1969/09,5.995,6.515,3.7,7.964,0.4,9.15
1969/10,5.962,6.494,3.7,8.230,1.9,9.00
1969/11,5.930,6.452,3.5,7.620,0.6,8.85
1969/12,6.183,6.452,3.5,8.056,-2.0,8.97
1970/01,6.166,6.090,3.9,7.771,-4.2,8.98
1970/02,6.133,6.051,4.2,7.701,-4.2,8.98
1970/03,6.085,6.032,4.4,7.377,-4.8,7.76
1970/04,5.774,5.994,4.6,7.113,-4.3,8.10
1970/05,6.021,5.956,4.8,7.037,-4.7,7.94
1970/06,6.527,5.938,4.9,7.562,3.2,7.60
1970/07,6.234,5.901,5.0,7.622,2.5,7.21
1970/08,6.218,5.882,5.1,7.056,1.8,6.61
1970/09,6.170,6.116,5.4,7.491,-5.8,6.29
1970/10,6.394,5.488,5.5,6.442,-5.3,6.20
1970/11,6.616,5.152,5.9,5.826,-6.7,5.60
1970/12,6.582,5.758,6.1,6.878,1.2,4.90
1971/01,6.313,6.647,5.9,7.560,5.4,4.14
1971/02,5.779,6.306,5.9,7.166,12.8,3.72
1971/03,5.237,6.287,6.0,7.865,6.2,3.71
1971/04,4.963,6.548,5.9,8.289,9.6,4.15
1971/05,5.185,6.509,5.9,7.585,7.0,4.63
1971/06,4.902,6.490,5.9,8.282,7.9,4.91
1971/07,4.890,6.452,6.0,7.760,7.8,5.31
1971/08,4.634,6.725,6.1,7.968,8.4,5.56
1971/09,4.358,6.340,6.0,8.181,11.0,5.55
1971/10,3.846,6.647,5.8,8.737,11.4,5.20
1971/11,3.341,6.340,6.0,9.808,5.4,4.91
1971/12,3.088,6.877,6.0,9.451,13.5,4.14
1972/01,3.088,7.649,5.8,8.181,14.8,3.50
1972/02,3.325,7.910,5.7,8.363,16.0,3.29
1972/03,3.318,7.887,5.8,9.868,14.6,3.83
1972/04,3.310,7.821,5.7,9.278,13.0,4.17
1972/05,3.052,7.500,5.7,9.679,16.9,4.27
1972/06,2.804,7.202,5.7,8.861,12.1,4.46
1972/07,2.797,7.163,5.6,10.187,14.7,4.55
1972/08,3.263,7.123,5.6,10.156,15.1,4.80
1972/09,2.784,7.588,5.5,9.578,19.3,4.87
1972/10,3.009,8.130,5.6,11.075,20.8,5.04
1972/11,3.002,7.859,5.3,11.037,23.0,5.06
1972/12,2.995,7.507,5.2,10.677,21.9,5.33
1973/01,2.765,6.053,4.9,11.643,23.8,5.94
1973/02,2.759,5.759,5.0,12.193,19.0,6.58
1973/03,2.982,5.744,4.9,11.167,18.8,7.09
1973/04,3.204,5.699,5.0,11.064,15.9,7.12
1973/05,3.189,5.943,4.9,11.051,13.5,7.84
1973/06,3.182,6.460,4.9,10.866,11.0,8.49
1973/07,3.175,6.427,4.8,10.957,-0.8,10.40
1973/08,3.160,5.882,4.8,9.927,9.1,10.50
1973/09,3.837,6.549,4.8,11.297,10.0,10.78
1973/10,4.270,6.015,4.6,9.230,15.4,10.01
1973/11,4.484,6.281,4.8,9.578,15.2,10.03
1973/12,4.698,5.985,4.9,8.780,9.0,9.95
1974/01,4.933,5.955,5.1,8.375,5.7,9.65
1974/02,5.369,5.941,5.2,7.785,6.0,8.97
1974/03,5.791,6.420,5.1,8.283,8.0,9.35
1974/04,6.208,6.127,5.1,9.018,6.4,10.51
1974/05,6.843,7.073,5.1,9.631,1.6,11.31
1974/06,7.930,7.524,5.4,9.943,1.9,11.93
1974/07,8.791,7.005,5.5,9.828,2.6,12.92
1974/08,9.628,7.971,5.5,11.896,0.2,12.01
1974/09,10.217,7.565,5.9,9.863,-8.8,11.34
1974/10,10.560,8.038,6.0,10.485,-13.5,10.06
1974/11,11.159,8.038,6.6,9.037,-16.9,9.45
1974/12,11.111,8.235,7.2,9.699,-22.1,8.53
1975/01,11.538,7.963,8.1,10.266,-17.2,7.13
1975/02,11.677,8.178,8.1,11.182,-10.0,6.24
1975/03,11.368,7.889,8.6,9.886,-13.0,5.54
1975/04,11.273,7.621,8.8,9.258,-7.4,5.49
1975/05,10.537,6.606,9.0,10.484,-2.8,5.22
1975/06,9.592,6.095,8.8,10.668,4.9,5.55
1975/07,9.091,6.546,8.6,10.896,8.4,6.10
1975/08,8.184,6.264,8.4,9.701,10.3,6.14
1975/09,7.692,5.934,8.4,10.493,10.4,6.24
1975/10,7.018,5.689,8.4,10.635,14.2,5.82
1975/11,6.757,6.346,8.3,12.526,12.2,5.22
1975/12,6.731,5.870,8.2,13.574,13.1,5.20
1976/01,6.705,6.508,7.9,13.515,13.8,4.87
1976/02,6.464,6.479,7.7,11.984,18.7,4.77
1976/03,6.616,6.022,7.6,12.563,11.6,4.84
1976/04,6.379,6.438,7.7,13.097,15.2,4.82
1976/05,6.542,7.051,7.4,10.174,12.3,5.29
1976/06,6.518,7.021,7.6,11.058,10.6,5.48
1976/07,6.667,7.203,7.8,10.545,8.0,5.31
1976/08,6.827,7.158,7.8,10.587,7.7,5.29
1976/09,6.777,7.469,7.6,10.802,5.3,5.25
1976/10,6.740,7.453,7.7,10.939,7.0,5.02
1976/11,6.510,7.407,7.8,10.547,5.7,4.95
1976/12,6.126,7.392,7.8,10.938,8.9,4.65
1977/01,6.284,7.332,7.5,9.725,7.2,4.61
1977/02,6.250,7.505,7.6,11.134,6.8,4.68
1977/03,6.206,7.911,7.4,11.044,13.5,4.69
1977/04,6.349,8.065,7.2,10.809,10.3,4.73
1977/05,6.316,7.585,7.0,11.954,14.5,5.35
1977/06,6.643,7.555,7.2,10.797,8.1,5.39
1977/07,6.250,7.510,6.9,11.379,8.9,5.42
1977/08,6.218,7.269,7.0,11.030,8.8,5.90
1977/09,6.175,7.143,6.8,10.756,7.0,6.14
1977/10,5.973,7.514,6.8,11.429,7.1,6.47
1977/11,5.942,7.280,6.8,11.605,9.2,6.51
1977/12,6.452,7.266,6.4,10.312,10.7,6.56
1978/01,6.419,7.780,6.4,9.496,10.6,6.70
1978/02,6.218,7.547,6.3,10.148,6.2,6.78
1978/03,6.344,7.519,6.3,11.340,6.6,6.79
1978/04,6.468,8.022,6.1,12.043,10.2,6.89
1978/05,6.766,7.792,6.0,12.409,13.9,7.36
1978/06,7.049,7.948,5.9,12.912,13.6,7.60
1978/07,7.353,8.088,6.2,11.502,14.7,7.81
1978/08,7.480,7.875,5.9,12.612,11.3,8.04
1978/09,7.916,8.108,6.0,12.294,11.3,8.45
1978/10,8.374,8.423,5.8,11.923,8.8,8.96
1978/11,8.654,8.214,5.9,11.632,11.9,9.76
1978/12,8.453,8.734,6.0,12.036,9.9,10.03
1979/01,8.571,8.451,5.9,13.001,7.3,10.07
1979/02,9.177,8.596,5.9,11.973,8.6,10.06
1979/03,9.262,8.566,5.8,11.119,6.7,10.09
1979/04,9.346,7.254,5.8,10.149,5.1,10.01
1979/05,9.428,7.917,5.6,10.368,2.1,10.24
1979/06,9.342,7.877,5.7,10.477,-0.6,10.29
1979/07,9.589,7.823,5.7,11.134,-0.2,10.47
1979/08,9.985,7.980,6.0,11.626,-3.1,10.94
1979/09,9.880,8.000,5.9,12.437,-1.3,11.43
1979/10,10.104,7.273,6.0,11.897,-2.7,13.77
1979/11,10.619,7.591,5.9,11.922,-3.5,13.18
1979/12,11.324,7.541,6.0,11.343,-5.7,13.78
1980/01,11.988,7.305,6.3,12.966,-2.9,13.82
1980/02,12.029,7.270,6.3,12.093,1.6,14.13
1980/03,12.500,7.729,6.3,11.557,-6.2,17.19
1980/04,12.963,8.213,6.9,10.193,-18.0,17.61
1980/05,13.277,7.656,7.5,9.061,-24.4,10.98
1980/06,13.585,7.937,7.6,9.078,-25.8,9.47
1980/07,12.361,7.886,7.8,10.131,-13.9,9.03
1980/08,11.829,8.019,7.7,9.137,4.1,9.61
1980/09,11.989,7.716,7.5,8.913,3.9,10.87
1980/10,12.281,8.475,7.5,10.595,13.7,12.81
1980/11,12.133,9.049,7.5,10.140,15.3,15.85
1980/12,12.153,8.689,7.2,11.061,1.2,18.90
1981/01,11.358,9.228,7.5,10.173,-1.3,19.08
1981/02,10.867,9.187,7.4,10.776,1.1,15.93
1981/03,9.962,8.819,7.4,11.428,0.2,14.70
1981/04,9.458,9.077,7.2,12.333,3.1,15.72
1981/05,9.476,9.185,7.5,12.551,5.7,18.52
1981/06,9.371,8.824,7.5,12.507,1.0,19.10
1981/07,11.125,8.626,7.2,11.107,-2.4,19.04
1981/08,11.562,8.879,7.4,11.433,-2.8,17.82
1981/09,11.800,8.596,7.6,10.319,-7.8,15.87
1981/10,10.938,8.097,7.9,8.009,-9.8,15.08
1981/11,10.226,7.595,8.3,7.770,-17.2,13.31
1981/12,9.541,7.153,8.5,7.243,-10.9,12.37
1982/01,9.261,7.479,8.6,6.545,-10.1,13.22
1982/02,9.102,6.759,8.9,6.986,-11.4,14.78
1982/03,8.827,6.456,9.0,6.095,-9.6,14.68
1982/04,8.871,6.003,9.3,6.186,-9.1,14.94
1982/05,8.656,6.242,9.4,6.657,-11.9,14.45
1982/06,8.568,5.946,9.6,5.762,-8.0,14.15
1982/07,7.564,5.922,9.8,6.651,-9.3,12.59
1982/08,7.056,5.481,9.8,5.782,-9.9,10.12
1982/09,5.876,4.881,10.1,7.149,-9.6,10.31
1982/10,5.850,4.862,10.4,8.366,-8.1,9.71
1982/11,5.286,4.575,10.8,9.243,-8.5,9.20
1982/12,4.516,4.843,10.8,8.920,-4.0,8.95
1983/01,4.721,4.381,10.4,9.147,0.3,8.68
1983/02,4.706,4.910,10.4,7.999,10.6,8.51
1983/03,4.696,4.516,10.3,9.099,10.8,8.77
1983/04,4.339,4.633,10.2,10.093,9.4,8.80
1983/05,3.564,4.215,10.1,10.025,11.8,8.63
1983/06,2.908,4.209,10.1,11.248,12.3,8.98
1983/07,2.999,4.066,9.4,11.272,20.3,9.37
1983/08,2.987,3.169,9.5,11.571,18.1,9.56
1983/09,3.494,4.277,9.2,10.916,16.9,9.45
1983/10,3.685,4.386,8.8,10.846,19.5,9.48
1983/11,4.303,4.125,8.5,10.011,19.2,9.34
1983/12,4.835,4.120,8.3,10.635,24.8,9.47
1984/01,4.816,3.951,8.0,11.178,13.7,9.56
1984/02,4.801,3.571,7.8,10.306,14.9,9.59
1984/03,4.995,3.827,7.8,10.314,10.9,9.91
1984/04,4.970,3.936,7.7,10.341,13.2,10.29
1984/05,5.162,3.431,7.4,10.164,9.2,10.32
1984/06,5.146,3.550,7.2,9.663,10.5,11.06
1984/07,5.020,3.541,7.5,8.294,4.1,11.23
1984/08,5.100,3.808,7.5,8.328,4.0,11.64
1984/09,5.065,3.498,7.3,8.602,-2.8,11.30
1984/10,4.936,2.761,7.4,7.469,2.9,9.99
1984/11,4.617,3.121,7.2,8.783,2.0,9.43
1984/12,4.711,3.357,7.3,8.011,2.8,8.38
1985/01,4.497,2.732,7.3,8.355,1.8,8.35
1985/02,4.678,3.210,7.2,9.987,1.8,8.50
1985/03,4.757,3.092,7.2,9.046,-0.9,8.58
1985/04,4.541,2.840,7.3,8.357,1.3,8.27
1985/05,4.524,2.962,7.2,9.118,-0.5,7.97
1985/06,4.415,2.955,7.4,7.920,0.7,7.53
1985/07,4.207,2.594,7.4,9.014,2.5,7.88
1985/08,4.091,2.840,7.1,9.701,1.8,7.90
1985/09,3.970,2.914,7.1,10.444,4.6,7.92
1985/10,4.139,2.921,7.1,9.018,3.4,7.99
1985/11,4.413,2.794,7.0,7.915,7.2,8.05
1985/12,4.311,3.132,7.0,8.988,4.8,8.27
1986/01,4.397,2.775,6.7,8.072,6.7,8.14
1986/02,4.190,2.765,7.2,6.894,7.1,7.86
1986/03,4.078,2.768,7.2,6.696,4.5,7.48
1986/04,4.159,2.301,7.1,6.674,4.4,6.99
1986/05,3.959,2.301,7.2,6.028,11.1,6.85
1986/06,3.952,1.952,7.2,6.454,5.3,6.92
1986/07,4.128,1.839,7.0,6.145,1.2,6.56
1986/08,4.022,2.071,6.9,5.372,8.4,6.17
1986/09,4.091,1.586,7.0,6.380,7.3,5.89
1986/10,3.975,1.930,7.0,6.462,4.5,5.85
1986/11,3.777,2.378,6.9,5.714,7.0,6.04
1986/12,3.774,1.462,6.6,6.660,5.4,6.91
1987/01,3.763,1.912,6.6,3.932,9.8,6.43
1987/02,3.753,1.794,6.6,6.545,5.4,6.10
1987/03,4.007,1.908,6.6,6.833,11.6,6.13
1987/04,4.170,2.137,6.3,7.293,9.8,6.37
1987/05,4.163,2.362,6.3,6.793,13.4,6.85
1987/06,4.067,2.140,6.2,7.479,11.2,6.73
1987/07,3.965,2.370,6.1,7.510,14.0,6.58
1987/08,4.218,2.706,6.0,8.103,12.7,6.73
1987/09,4.279,2.676,5.9,5.304,12.1,7.22
1987/10,4.344,2.895,6.0,6.966,15.3,7.29
1987/11,4.419,2.765,5.8,7.451,9.3,6.69
1987/12,4.242,2.993,5.7,5.982,11.5,6.77
1988/01,4.318,2.980,5.7,9.519,10.3,6.83
1988/02,4.307,2.533,5.7,7.360,7.0,6.58
1988/03,4.366,2.643,5.7,8.235,7.9,6.58
1988/04,4.259,3.194,5.4,7.410,7.6,6.87
1988/05,4.337,3.297,5.6,8.065,7.7,7.09
1988/06,4.503,3.308,5.4,8.004,13.6,7.51
1988/07,4.492,3.528,5.4,7.992,10.6,7.75
1988/08,4.384,2.964,5.6,7.541,9.2,8.01
1988/09,4.439,3.583,5.4,7.907,8.6,8.19
1988/10,4.496,3.788,5.4,8.864,7.2,8.30
1988/11,4.398,3.445,5.3,9.051,8.4,8.35
1988/12,4.651,3.445,5.3,8.944,9.0,8.76
1989/01,4.636,3.859,5.4,8.333,7.3,9.12
1989/02,4.789,4.189,5.2,8.195,7.3,9.36
1989/03,4.676,4.077,5.0,7.221,2.0,9.85
1989/04,4.575,4.162,5.2,8.481,3.1,9.84
1989/05,4.564,3.511,5.2,7.747,0.7,9.81
1989/06,4.472,3.735,5.3,7.399,-4.4,9.53
1989/07,4.623,4.153,5.2,7.216,-4.2,9.24
1989/08,4.443,3.945,5.2,7.461,-4.8,8.99
1989/09,4.250,3.878,5.3,7.274,-4.0,9.02
1989/10,4.303,3.754,5.3,6.402,-0.7,8.84
1989/11,4.372,3.538,5.4,6.171,-0.7,8.55
1989/12,4.365,3.954,5.4,6.455,0.4,8.45
1990/01,4.430,3.612,5.4,7.066,-0.9,8.23
1990/02,4.649,3.918,5.3,6.875,2.5,8.24
1990/03,4.937,4.124,5.2,7.313,2.3,8.28
1990/04,4.844,3.996,5.4,6.410,3.7,8.26
1990/05,4.754,4.317,5.4,6.307,1.7,8.18
1990/06,4.903,4.527,5.2,6.669,2.0,8.29
1990/07,5.039,4.192,5.5,6.575,-3.3,8.15
1990/08,5.491,4.410,5.7,6.275,-4.5,8.13
1990/09,5.538,4.238,5.9,6.833,-5.1,8.20
1990/10,5.271,3.719,5.9,6.496,-6.9,8.11
1990/11,5.255,3.819,6.2,6.249,-9.6,7.81
1990/12,5.171,3.704,6.3,4.786,-11.5,7.31
1991/01,5.606,3.586,6.4,2.946,-11.9,6.91
1991/02,5.648,3.175,6.6,3.698,-10.8,6.25
1991/03,5.228,2.970,6.8,4.195,-7.6,6.12
1991/04,5.142,3.153,6.7,3.623,-3.9,5.91
1991/05,5.134,3.251,6.9,4.153,-1.1,5.78
1991/06,4.970,3.248,6.9,3.554,8.4,5.90
1991/07,4.797,2.944,6.8,3.749,5.6,5.82
1991/08,4.619,3.045,6.9,3.115,10.1,5.66
1991/09,4.519,2.904,6.9,2.946,10.7,5.45
1991/10,4.427,2.810,7.0,2.722,8.0,5.21
1991/11,4.486,2.807,7.0,3.400,3.5,4.81
1991/12,4.411,2.992,7.3,4.123,-0.5,4.43
1992/01,3.945,2.596,7.3,6.333,-0.4,4.03
1992/02,3.778,2.885,7.4,6.013,8.3,4.06
1992/03,3.903,2.981,7.4,5.207,13.3,3.98
1992/04,3.898,2.388,7.4,5.737,9.1,3.73
1992/05,3.822,2.385,7.6,5.724,10.9,3.82
1992/06,3.816,2.193,7.8,6.012,9.8,3.76
1992/07,3.732,2.193,7.7,6.042,9.5,3.25
1992/08,3.504,2.574,7.6,6.371,8.8,3.30
1992/09,3.278,2.070,7.6,6.815,1.1,3.22
1992/10,3.544,2.451,7.3,7.779,3.8,3.10
1992/11,3.393,2.731,7.4,7.434,8.8,3.09
1992/12,3.324,2.156,7.4,7.873,11.0,2.92
1993/01,3.451,2.812,7.3,6.285,13.0,3.02
1993/02,3.571,2.430,7.1,6.255,9.7,3.03
1993/03,3.415,2.614,7.0,5.735,8.1,3.07
1993/04,3.479,2.612,7.1,6.349,3.0,2.96
1993/05,3.408,2.796,7.1,6.350,5.2,3.00
1993/06,3.336,2.425,7.0,6.288,1.6,3.04
1993/07,3.191,2.425,6.9,6.268,3.8,3.06
1993/08,3.318,2.323,6.8,6.147,5.3,3.03
1993/09,3.241,2.488,6.7,6.004,2.6,3.09
1993/10,3.020,2.576,6.8,5.774,8.9,2.99
1993/11,3.081,2.383,6.6,5.878,10.4,3.02
1993/12,3.150,2.661,6.5,5.398,12.4,2.96
1994/01,2.935,2.735,6.6,5.622,13.5,3.05
1994/02,2.785,2.828,6.6,6.355,12.2,3.25
1994/03,2.906,2.366,6.5,6.726,12.8,3.34
1994/04,2.769,2.545,6.4,6.307,12.7,3.56
1994/05,2.835,2.539,6.1,5.582,11.6,4.01
1994/06,2.899,2.459,6.1,6.055,15.0,4.25
1994/07,2.895,2.641,6.1,5.640,14.2,4.26
1994/08,2.883,2.361,6.0,6.291,13.0,4.47
1994/09,3.009,2.698,5.9,5.849,12.7,4.73
1994/10,2.932,2.870,5.8,6.180,13.0,4.76
1994/11,2.794,2.686,5.6,5.961,11.5,5.29
1994/12,2.599,2.681,5.5,5.916,8.9,5.45
1995/01,2.852,2.573,5.6,5.800,9.7,5.53
1995/02,2.968,2.573,5.4,4.716,6.6,5.92
1995/03,2.953,2.667,5.4,5.168,1.9,5.98
1995/04,3.079,2.926,5.8,4.707,2.2,6.05
1995/05,3.077,2.387,5.6,5.656,-6.0,6.01
1995/06,3.009,2.756,5.6,5.714,-6.5,6.00
1995/07,3.005,3.106,5.7,5.294,2.7,5.85
1995/08,2.930,2.928,5.7,5.103,-3.5,5.74
1995/09,2.921,2.977,5.6,5.151,-0.6,5.80
1995/10,3.038,2.877,5.5,4.192,-2.5,5.76
1995/11,3.034,2.877,5.6,4.783,-1.4,5.80
1995/12,3.040,2.959,5.6,5.302,-4.1,5.60
1996/01,2.962,3.114,5.6,4.865,-5.9,5.56
1996/02,2.882,2.941,5.5,5.838,-3.9,5.22
1996/03,2.805,2.944,5.5,5.908,-0.9,5.31
1996/04,2.676,3.101,5.6,6.517,2.3,5.22
1996/05,2.674,3.195,5.6,5.910,1.7,5.24
1996/06,2.672,3.720,5.3,5.095,9.4,5.27
1996/07,2.731,3.012,5.5,5.689,1.9,5.40
1996/08,2.599,3.534,5.1,5.409,4.6,5.22
1996/09,2.653,3.656,5.2,5.503,4.6,5.30
1996/10,2.580,3.220,5.2,6.267,2.9,5.24
1996/11,2.577,3.559,5.4,5.853,6.9,5.31
1996/12,2.643,3.888,5.4,5.500,11.7,5.29
1997/01,2.509,3.607,5.3,6.381,7.0,5.25
1997/02,2.497,3.866,5.2,5.849,7.6,5.19
1997/03,2.486,4.205,5.2,5.411,8.6,5.39
1997/04,2.667,3.676,5.1,4.802,6.6,5.51
1997/05,2.544,3.849,4.9,4.519,12.3,5.50
1997/06,2.421,3.586,5.0,5.035,9.4,5.56
1997/07,2.417,3.676,4.9,5.633,11.3,5.52
1997/08,2.292,3.913,4.8,5.903,10.3,5.54
1997/09,2.163,3.692,4.9,5.744,5.4,5.54
1997/10,2.275,4.105,4.7,5.787,10.9,5.50
1997/11,2.153,4.501,4.6,5.771,7.4,5.52
1997/12,2.216,3.906,4.7,5.826,7.2,5.50
1998/01,2.209,3.968,4.6,5.143,7.1,5.56
1998/02,2.258,4.207,4.6,5.326,4.6,5.51
1998/03,2.130,4.197,4.7,5.429,4.9,5.49
1998/04,2.125,4.190,4.3,6.021,5.3,5.45
1998/05,2.245,4.351,4.4,6.911,1.5,5.49
1998/06,2.246,4.026,4.5,6.868,0.2,5.56
1998/07,2.242,4.110,4.5,6.147,1.8,5.54
1998/08,2.476,4.247,4.5,6.044,0.9,5.55
1998/09,2.471,3.877,4.6,6.510,-0.6,5.51
1998/10,2.283,3.785,4.5,6.440,-2.0,5.07
1998/11,2.342,3.602,4.4,6.288,-1.7,4.83
1998/12,2.402,3.602,4.4,6.679,-0.3,4.68
1999/01,2.395,3.816,4.3,6.732,2.4,4.63
1999/02,2.092,3.416,4.4,6.607,5.0,4.76
1999/03,2.086,3.253,4.2,6.661,5.9,4.81
1999/04,2.197,3.635,4.3,7.065,4.0,4.74
1999/05,2.022,3.784,4.2,6.653,7.8,4.74
1999/06,2.081,3.715,4.3,6.523,9.4,4.76
1999/07,2.077,3.870,4.3,6.659,4.6,4.99
1999/08,1.899,3.536,4.2,6.785,7.5,5.07
1999/09,2.009,3.808,4.2,6.936,13.5,5.22
1999/10,2.061,3.799,4.1,6.728,11.3,5.20
1999/11,2.059,3.401,4.1,7.025,13.1,5.42
1999/12,1.945,3.704,4.0,7.707,10.3,5.30
2000/01,1.997,3.826,4.0,7.634,10.4,5.45
2000/02,2.163,3.754,4.1,8.494,8.7,5.73
2000/03,2.440,3.826,4.0,9.012,6.2,5.85
2000/04,2.319,4.179,3.8,7.671,5.4,6.02
2000/05,2.435,3.497,4.0,7.737,1.5,6.27
2000/06,2.492,3.806,4.0,7.827,0.0,6.53
2000/07,2.487,4.098,4.0,7.674,2.0,6.54
2000/08,2.597,3.712,4.1,7.457,0.0,6.50
2000/09,2.589,3.888,3.9,7.892,-1.1,6.52
2000/10,2.524,4.246,3.9,7.594,-1.6,6.51
2000/11,2.578,4.167,3.9,7.226,-0.9,6.51
2000/12,2.581,4.227,3.9,6.256,-7.9,6.40
2001/01,2.629,3.685,4.2,6.780,-11.6,5.98
2001/02,2.730,4.197,4.2,5.724,-10.1,5.49
2001/03,2.659,4.191,4.3,4.576,-8.5,5.31
2001/04,2.598,3.868,4.4,5.002,-4.5,4.80
2001/05,2.543,4.026,4.3,5.134,-5.1,4.21
2001/06,2.707,3.954,4.5,4.776,-2.2,3.97
2001/07,2.703,3.794,4.6,4.644,-0.8,3.77
2001/08,2.697,3.794,4.9,4.648,4.3,3.65
2001/09,2.633,3.743,5.0,2.050,1.3,3.07
2001/10,2.626,3.090,5.3,4.778,-11.1,2.49
2001/11,2.787,3.368,5.5,3.967,-0.9,2.09
2001/12,2.735,3.566,5.7,3.022,1.4,1.82
2002/01,2.561,3.275,5.7,2.966,5.2,1.73
2002/02,2.603,2.917,5.7,3.278,10.7,1.74
2002/03,2.428,2.843,5.7,3.626,13.8,1.73
2002/04,2.532,2.414,5.9,4.397,9.9,1.75
2002/05,2.534,2.557,5.8,3.370,11.8,1.75
2002/06,2.259,3.043,5.8,3.790,11.2,1.75
2002/07,2.202,2.621,5.8,4.431,1.9,1.73
2002/08,2.358,2.966,5.7,4.239,0.6,1.74
2002/09,2.245,2.927,5.7,5.263,2.9,1.75
2002/10,2.239,3.065,5.7,3.022,2.1,1.75
2002/11,1.967,2.987,5.9,4.025,-0.1,1.34
2002/12,1.917,3.038,6.0,5.043,8.7,1.24
2003/01,1.913,3.104,5.8,5.013,8.2,1.24
2003/02,1.744,3.644,5.9,4.324,1.9,1.26
2003/03,1.686,3.304,5.9,4.821,-2.8,1.25
2003/04,1.471,2.963,6.0,4.303,-2.8,1.26
2003/05,1.577,3.032,6.1,4.745,3.4,1.26
2003/06,1.526,2.819,6.3,4.844,3.6,1.22
2003/07,1.524,2.823,6.2,4.844,6.8,1.01
2003/08,1.309,2.679,6.1,5.771,11.1,1.03
2003/09,1.202,2.183,6.1,6.031,10.8,1.01
2003/10,1.303,2.049,6.0,5.640,14.4,1.01
2003/11,1.095,2.373,5.8,6.008,19.1,1.00
2003/12,1.149,1.507,5.7,5.584,21.3,0.98
2004/01,1.147,1.898,5.7,6.040,20.6,1.00
2004/02,1.247,1.563,5.6,6.582,16.5,1.01
2004/03,1.606,1.567,5.8,6.470,14.6,1.00
2004/04,1.761,2.027,5.6,6.264,17.1,1.00
2004/05,1.708,2.289,5.6,7.089,14.5,1.00
2004/06,1.865,1.697,5.6,6.237,10.9,1.03
2004/07,1.760,1.961,5.5,6.255,12.8,1.26
2004/08,1.705,2.218,5.4,5.274,12.1,1.43
2004/09,1.963,2.265,5.4,6.337,7.7,1.61
2004/10,2.007,2.526,5.5,6.683,8.4,1.76
2004/11,2.166,2.061,5.4,6.390,10.1,1.93
2004/12,2.169,2.518,5.4,6.799,16.3,2.16
2005/01,2.268,2.762,5.3,6.021,7.9,2.28
2005/02,2.360,2.308,5.4,6.239,5.9,2.50
2005/03,2.346,2.635,5.2,6.175,7.7,2.63
2005/04,2.239,2.692,5.2,7.054,3.4,2.79
2005/05,2.188,2.621,5.1,5.695,1.8,3.00
2005/06,2.035,2.567,5.0,6.956,5.7,3.04
2005/07,2.136,2.949,5.0,7.221,7.2,3.26
2005/08,2.134,2.553,4.9,6.971,7.8,3.50
2005/09,1.976,2.722,5.0,6.576,10.9,3.62
2005/10,2.069,3.348,5.0,6.435,11.4,3.78
2005/11,2.120,2.902,5.0,6.258,11.2,4.00
2005/12,2.174,3.086,4.9,5.992,10.1,4.16
2006/01,2.117,3.250,4.7,6.794,8.9,4.29
2006/02,2.055,3.509,4.8,6.518,11.0,4.49
2006/03,2.093,3.569,4.7,6.328,7.0,4.59
2006/04,2.290,4.245,4.7,5.822,5.7,4.79
2006/05,2.440,3.489,4.6,6.607,4.9,4.94
2006/06,2.642,4.005,4.6,5.795,5.0,4.99
2006/07,2.689,4.234,4.7,5.554,5.8,5.24
2006/08,2.836,4.107,4.7,5.590,5.3,5.25
2006/09,2.931,4.128,4.5,5.270,4.8,5.25
2006/10,2.719,3.973,4.4,5.064,4.1,5.25
2006/11,2.620,4.108,4.5,4.935,0.8,5.25
2006/12,2.573,4.215,4.4,5.425,1.4,5.24
2007/01,2.670,3.814,4.6,4.978,2.2,5.25
2007/02,2.707,4.056,4.5,4.993,5.1,5.26
2007/03,2.451,4.172,4.4,5.056,0.2,5.26
2007/04,2.341,3.892,4.5,4.850,7.4,5.25
2007/05,2.244,4.094,4.4,4.915,8.6,5.25
2007/06,2.221,4.152,4.6,4.734,7.7,5.25
2007/07,2.210,4.122,4.7,4.265,8.6,5.26
2007/08,2.134,4.065,4.6,4.611,4.4,5.02
2007/09,2.137,4.320,4.7,4.722,4.4,4.94
2007/10,2.174,3.469,4.7,4.681,6.4,4.76
2007/11,2.329,3.828,4.7,5.274,2.4,4.49
2007/12,2.439,4.045,5.0,4.530,-3.5,4.24
2008/01,2.466,3.790,5.0,4.293,-2.0,3.94
2008/02,2.273,3.839,4.9,3.805,-3.6,2.98
2008/03,2.355,4.179,5.1,3.869,-4.4,2.61
2008/04,2.258,3.401,5.0,3.867,-3.5,2.28
2008/05,2.313,3.702,5.4,3.959,-1.5,1.98
2008/06,2.413,3.871,5.6,4.382,-0.3,2.00
2008/07,2.510,3.270,5.8,4.011,-3.0,2.01
2008/08,2.541,3.848,6.1,3.466,-3.3,2.00
2008/09,2.473,3.403,6.1,2.498,-8.2,1.81
2008/10,2.216,3.693,6.5,1.313,-16.8,0.97
2008/11,2.003,4.254,6.8,-0.780,-22.4,0.39
2008/12,1.763,3.549,7.3,-2.045,-26.8,0.16
2009/01,1.680,3.764,7.8,-1.717,-18.2,0.15
2009/02,1.786,3.866,8.3,-1.808,-17.2,0.22
2009/03,1.756,3.510,8.7,-2.612,-9.7,0.18
2009/04,1.899,3.289,9.0,-3.014,-3.5,0.15
2009/05,1.835,3.123,9.4,-3.305,-1.0,0.18
2009/06,1.730,2.503,9.5,-3.368,1.7,0.21
2009/07,1.530,2.778,9.5,-3.112,7.6,0.16
2009/08,1.441,2.931,9.6,-1.759,16.6,0.16
2009/09,1.510,2.633,9.8,-2.061,13.3,0.15
2009/10,1.709,2.740,10.0,-0.588,9.9,0.12
2009/11,1.705,2.612,9.9,0.963,10.6,0.12
2009/12,1.816,2.503,9.9,2.631,13.0,0.12
2010/01,1.554,2.653,9.8,2.158,12.9,0.11
2010/02,1.340,2.319,9.8,2.649,7.1,0.13
2010/03,1.107,1.884,9.9,3.619,11.4,0.16
2010/04,0.923,2.482,9.9,3.747,12.4,0.20
2010/05,0.942,2.920,9.6,3.899,13.1,0.20
2010/06,0.904,2.550,9.4,3.653,10.0,0.18
2010/07,0.870,2.432,9.4,3.549,7.0,0.18
2010/08,0.890,2.311,9.5,2.863,6.9,0.19
2010/09,0.804,2.191,9.5,3.985,3.5,0.19
2010/10,0.611,2.507,9.4,4.223,9.5,0.19
2010/11,0.768,1.856,9.8,4.562,7.9,0.19
2010/12,0.804,1.964,9.3,4.355,9.8,0.18
2011/01,0.950,2.743,9.1,4.711,13.7,0.17
2011/02,1.092,2.109,9.0,4.760,12.7,0.16
2011/03,1.190,2.060,9.0,4.834,12.8,0.14
2011/04,1.335,2.106,9.1,5.122,14.4,0.10
2011/05,1.510,2.154,9.0,5.058,3.1,0.09
2011/06,1.639,2.011,9.1,5.022,3.7,0.09
2011/07,1.765,2.269,9.0,5.330,3.7,0.07
2011/08,1.951,1.576,9.0,4.865,0.9,0.10
2011/09,1.975,1.987,9.0,5.080,0.6,0.08
2011/10,2.100,2.237,8.8,4.678,1.4,0.07
2011/11,2.153,1.770,8.6,4.124,3.5,0.08
2011/12,2.230,1.822,8.5,3.749,4.7,0.07
2012/01,2.277,1.386,8.3,4.114,6.9,0.08
2012/02,2.177,1.497,8.3,4.409,6.8,0.10
2012/03,2.255,1.760,8.2,3.814,7.3,0.13
2012/04,2.314,2.114,8.2,3.697,9.4,0.14
2012/05,2.257,0.926,8.2,3.353,8.0,0.16
2012/06,2.218,1.556,8.2,3.007,-0.3,0.16
2012/07,2.100,1.754,8.2,2.869,-2.0,0.16
2012/08,1.913,1.293,8.1,2.878,-1.9,0.13
2012/09,1.985,1.846,7.8,3.155,2.2,0.14
2012/10,1.999,0.763,7.8,2.929,-0.4,0.16
2012/11,1.941,1.483,7.7,3.075,-0.5,0.16
2012/12,1.893,1.994,7.9,3.318,-0.2,0.16
2013/01,1.925,1.468,8.0,2.992,3.1,0.14
2013/02,2.004,2.085,7.7,2.865,8.1,0.15
2013/03,1.887,1.882,7.5,2.784,4.4,0.14
2013/04,1.715,1.414,7.6,2.388,2.1,0.15
2013/05,1.681,1.886,7.5,2.819,0.6,0.11
2013/06,1.636,2.503,7.5,3.364,4.2,0.09
2013/07,1.696,1.572,7.3,3.194,5.8,0.09
2013/08,1.765,2.246,7.3,3.128,11.2,0.08
2013/09,1.734,2.216,7.3,3.001,9.9,0.08
2013/10,1.680,2.323,7.2,3.213,7.6,0.09
2013/11,1.721,2.319,6.9,3.621,10.6,0.08
2013/12,1.717,2.206,6.7,3.713,14.3,0.09
2014/01,1.621,2.295,6.6,2.919,4.1,0.07
2014/02,1.567,2.990,6.7,3.125,7.4,0.07
2014/03,1.657,2.896,6.7,3.762,8.7,0.08
2014/04,1.832,2.390,6.2,4.311,7.3,0.09
2014/05,1.956,2.451,6.2,4.252,8.3,0.09
2014/06,1.933,2.342,6.1,4.424,7.7,0.10
2014/07,1.859,2.396,6.2,4.443,9.2,0.09
2014/08,1.724,2.446,6.2,4.964,13.9,0.09
2014/09,1.729,1.823,6.0,4.556,8.9,0.09
2014/10,1.808,2.172,5.7,4.682,10.9,0.09
2014/11,1.702,2.709,5.8,4.403,12.5,0.09
2014/12,1.606,1.422,5.6,4.014,7.4,0.12
2015/01,1.649,2.049,5.7,3.969,4.1,0.11
2015/02,1.698,1.645,5.5,3.431,3.8,0.11
2015/03,1.753,1.989,5.5,3.303,4.2,0.11
2015/04,1.808,1.994,5.4,3.225,4.3,0.12
2015/05,1.718,2.246,5.5,3.800,5.6,0.12
2015/06,1.762,1.558,5.3,3.521,4.9,0.13
2015/07,1.805,2.048,5.3,3.643,3.6,0.13
2015/08,1.828,2.534,5.1,3.318,1.7,0.14
2015/09,1.892,2.032,5.1,3.332,-0.2,0.14
2015/10,1.910,2.415,5.0,2.955,0.8,0.12
2015/11,2.018,2.158,5.0,3.068,-1.0,0.12
2015/12,2.096,2.515,5.0,3.229,-1.2,0.24
